[
  { "id": 1, "nombre": "Squirtle", "tipo": "AGUA", "nivel": 5, "vida": 44, "vidaMax": 44, "dmg": 3 },
  { "id": 2, "nombre": "Totodile", "tipo": "AGUA", "nivel": 6, "vida": 48, "vidaMax": 48, "dmg": 4 },
  { "id": 3, "nombre": "Mudkip", "tipo": "AGUA", "nivel": 7, "vida": 50, "vidaMax": 50, "dmg": 5 },
  { "id": 4, "nombre": "Psyduck", "tipo": "AGUA", "nivel": 4, "vida": 42, "vidaMax": 42, "dmg": 2 },
  { "id": 5, "nombre": "Vaporeon", "tipo": "AGUA", "nivel": 8, "vida": 65, "vidaMax": 65, "dmg": 6 },
  { "id": 6, "nombre": "Poliwag", "tipo": "AGUA", "nivel": 5, "vida": 45, "vidaMax": 45, "dmg": 3 },
  { "id": 7, "nombre": "Horsea", "tipo": "AGUA", "nivel": 6, "vida": 46, "vidaMax": 46, "dmg": 4 },
  { "id": 8, "nombre": "Lapras", "tipo": "AGUA", "nivel": 9, "vida": 80, "vidaMax": 80, "dmg": 7 },
  { "id": 9, "nombre": "Seadra", "tipo": "AGUA", "nivel": 7, "vida": 55, "vidaMax": 55, "dmg": 5 },
  { "id": 10, "nombre": "Kingdra", "tipo": "AGUA", "nivel": 10, "vida": 85, "vidaMax": 85, "dmg": 8 },

  { "id": 11, "nombre": "Bulbasaur", "tipo": "PLANTA", "nivel": 5, "vida": 45, "vidaMax": 45, "dmg": 3 },
  { "id": 12, "nombre": "Chikorita", "tipo": "PLANTA", "nivel": 6, "vida": 46, "vidaMax": 46, "dmg": 4 },
  { "id": 13, "nombre": "Treecko", "tipo": "PLANTA", "nivel": 7, "vida": 50, "vidaMax": 50, "dmg": 5 },
  { "id": 14, "nombre": "Turtwig", "tipo": "PLANTA", "nivel": 4, "vida": 42, "vidaMax": 42, "dmg": 2 },
  { "id": 15, "nombre": "Leafeon", "tipo": "PLANTA", "nivel": 8, "vida": 65, "vidaMax": 65, "dmg": 6 },
  { "id": 16, "nombre": "Oddish", "tipo": "PLANTA", "nivel": 5, "vida": 45, "vidaMax": 45, "dmg": 3 },
  { "id": 17, "nombre": "Tangela", "tipo": "PLANTA", "nivel": 6, "vida": 46, "vidaMax": 46, "dmg": 4 },
  { "id": 18, "nombre": "Roserade", "tipo": "PLANTA", "nivel": 9, "vida": 80, "vidaMax": 80, "dmg": 7 },
  { "id": 19, "nombre": "Sceptile", "tipo": "PLANTA", "nivel": 7, "vida": 55, "vidaMax": 55, "dmg": 5 },
  { "id": 20, "nombre": "Venusaur", "tipo": "PLANTA", "nivel": 10, "vida": 85, "vidaMax": 85, "dmg": 8 },

  { "id": 21, "nombre": "Charmander", "tipo": "FUEGO", "nivel": 5, "vida": 39, "vidaMax": 39, "dmg": 5 },
  { "id": 22, "nombre": "Cyndaquil", "tipo": "FUEGO", "nivel": 6, "vida": 40, "vidaMax": 40, "dmg": 6 },
  { "id": 23, "nombre": "Torchic", "tipo": "FUEGO", "nivel": 7, "vida": 42, "vidaMax": 42, "dmg": 7 },
  { "id": 24, "nombre": "Chimchar", "tipo": "FUEGO", "nivel": 4, "vida": 38, "vidaMax": 38, "dmg": 4 },
  { "id": 25, "nombre": "Flareon", "tipo": "FUEGO", "nivel": 8, "vida": 60, "vidaMax": 60, "dmg": 8 },
  { "id": 26, "nombre": "Growlithe", "tipo": "FUEGO", "nivel": 5, "vida": 44, "vidaMax": 44, "dmg": 5 },
  { "id": 27, "nombre": "Magmar", "tipo": "FUEGO", "nivel": 6, "vida": 45, "vidaMax": 45, "dmg": 6 },
  { "id": 28, "nombre": "Infernape", "tipo": "FUEGO", "nivel": 9, "vida": 75, "vidaMax": 75, "dmg": 9 },
  { "id": 29, "nombre": "Blaziken", "tipo": "FUEGO", "nivel": 7, "vida": 52, "vidaMax": 52, "dmg": 7 },
  { "id": 30, "nombre": "Charizard", "tipo": "FUEGO", "nivel": 10, "vida": 85, "vidaMax": 85, "dmg": 10 }
]